,file_name,feature_x,feature_y
0,twitter_GAN_profiles_1673898489_1613264740465213440.jpg,73,93
1,twitter_GAN_profiles_1673898489_1613264740465213440.jpg,122,93
2,twitter_GAN_profiles_1673898489_1613264740465213440.jpg,93,119
3,twitter_GAN_profiles_1673898489_1613264740465213440.jpg,96,141
4,twitter_GAN_profiles_1675459188_1497275958511898624.jpg,73,93
5,twitter_GAN_profiles_1675459188_1497275958511898624.jpg,122,93
6,twitter_GAN_profiles_1675459188_1497275958511898624.jpg,93,119
7,twitter_GAN_profiles_1675459188_1497275958511898624.jpg,96,141
8,twitter_GAN_profiles_1675458109_1492928245955706887.jpg,73,93
9,twitter_GAN_profiles_1675458109_1492928245955706887.jpg,122,93
10,twitter_GAN_profiles_1675458109_1492928245955706887.jpg,93,119
11,twitter_GAN_profiles_1675458109_1492928245955706887.jpg,96,141
12,twitter_GAN_profiles_1675458098_1446819341899636740.jpg,73,93
13,twitter_GAN_profiles_1675458098_1446819341899636740.jpg,122,93
14,twitter_GAN_profiles_1675458098_1446819341899636740.jpg,93,119
15,twitter_GAN_profiles_1675458098_1446819341899636740.jpg,96,141
16,twitter_GAN_profiles_1675458103_1478564763848347648.jpg,73,93
17,twitter_GAN_profiles_1675458103_1478564763848347648.jpg,122,93
18,twitter_GAN_profiles_1675458103_1478564763848347648.jpg,93,119
19,twitter_GAN_profiles_1675458103_1478564763848347648.jpg,96,141
20,twitter_GAN_profiles_1675459195_1500184510864011265.jpg,73,93
21,twitter_GAN_profiles_1675459195_1500184510864011265.jpg,122,93
22,twitter_GAN_profiles_1675459195_1500184510864011265.jpg,93,119
23,twitter_GAN_profiles_1675459195_1500184510864011265.jpg,96,141
24,twitter_GAN_profiles_1675459193_1499531431143485443.jpg,73,93
25,twitter_GAN_profiles_1675459193_1499531431143485443.jpg,122,93
26,twitter_GAN_profiles_1675459193_1499531431143485443.jpg,93,119
27,twitter_GAN_profiles_1675459193_1499531431143485443.jpg,96,141
28,twitter_GAN_profiles_1675458104_1482629869762592770.jpg,73,93
29,twitter_GAN_profiles_1675458104_1482629869762592770.jpg,122,93
30,twitter_GAN_profiles_1675458104_1482629869762592770.jpg,93,119
31,twitter_GAN_profiles_1675458104_1482629869762592770.jpg,96,141
32,twitter_GAN_profiles_1675458101_1470941000314941446.jpg,73,93
33,twitter_GAN_profiles_1675458101_1470941000314941446.jpg,122,93
34,twitter_GAN_profiles_1675458101_1470941000314941446.jpg,93,119
35,twitter_GAN_profiles_1675458101_1470941000314941446.jpg,96,141
36,twitter_GAN_profiles_1675459186_1496472822427918344.jpg,73,93
37,twitter_GAN_profiles_1675459186_1496472822427918344.jpg,122,93
38,twitter_GAN_profiles_1675459186_1496472822427918344.jpg,93,119
39,twitter_GAN_profiles_1675459186_1496472822427918344.jpg,96,141
40,twitter_GAN_profiles_1675458107_1490814283193671681.jpg,73,93
41,twitter_GAN_profiles_1675458107_1490814283193671681.jpg,122,93
42,twitter_GAN_profiles_1675458107_1490814283193671681.jpg,93,119
43,twitter_GAN_profiles_1675458107_1490814283193671681.jpg,96,141
44,twitter_GAN_profiles_1675458101_1470812847257096199.jpg,73,93
45,twitter_GAN_profiles_1675458101_1470812847257096199.jpg,122,93
46,twitter_GAN_profiles_1675458101_1470812847257096199.jpg,93,119
47,twitter_GAN_profiles_1675458101_1470812847257096199.jpg,96,141
48,twitter_GAN_profiles_1675458105_1487426909482926086.jpg,73,93
49,twitter_GAN_profiles_1675458105_1487426909482926086.jpg,122,93
50,twitter_GAN_profiles_1675458105_1487426909482926086.jpg,93,119
51,twitter_GAN_profiles_1675458105_1487426909482926086.jpg,96,141
52,twitter_GAN_profiles_1675458097_1429662746128359424.jpg,73,93
53,twitter_GAN_profiles_1675458097_1429662746128359424.jpg,122,93
54,twitter_GAN_profiles_1675458097_1429662746128359424.jpg,93,119
55,twitter_GAN_profiles_1675458097_1429662746128359424.jpg,96,141
56,twitter_GAN_profiles_1675459487_1501877825594437640.jpg,73,93
57,twitter_GAN_profiles_1675459487_1501877825594437640.jpg,122,93
58,twitter_GAN_profiles_1675459487_1501877825594437640.jpg,93,119
59,twitter_GAN_profiles_1675459487_1501877825594437640.jpg,96,141
60,twitter_GAN_profiles_1675459188_1497435723531649029.jpg,73,93
61,twitter_GAN_profiles_1675459188_1497435723531649029.jpg,122,93
62,twitter_GAN_profiles_1675459188_1497435723531649029.jpg,93,119
63,twitter_GAN_profiles_1675459188_1497435723531649029.jpg,96,141
64,twitter_GAN_profiles_1675458102_1477687063617155076.jpg,73,93
65,twitter_GAN_profiles_1675458102_1477687063617155076.jpg,122,93
66,twitter_GAN_profiles_1675458102_1477687063617155076.jpg,93,119
67,twitter_GAN_profiles_1675458102_1477687063617155076.jpg,96,141
68,twitter_GAN_profiles_1675459185_1494248998151933954.jpg,73,93
69,twitter_GAN_profiles_1675459185_1494248998151933954.jpg,122,93
70,twitter_GAN_profiles_1675459185_1494248998151933954.jpg,93,119
71,twitter_GAN_profiles_1675459185_1494248998151933954.jpg,96,141
72,twitter_GAN_profiles_1675458108_1491481317849976834.jpg,73,93
73,twitter_GAN_profiles_1675458108_1491481317849976834.jpg,122,93
74,twitter_GAN_profiles_1675458108_1491481317849976834.jpg,93,119
75,twitter_GAN_profiles_1675458108_1491481317849976834.jpg,96,141
76,twitter_GAN_profiles_1675459192_1499433695974879234.jpg,73,93
77,twitter_GAN_profiles_1675459192_1499433695974879234.jpg,122,93
78,twitter_GAN_profiles_1675459192_1499433695974879234.jpg,93,119
79,twitter_GAN_profiles_1675459192_1499433695974879234.jpg,96,141
80,twitter_GAN_profiles_1675459187_1497021620333940782.jpg,73,93
81,twitter_GAN_profiles_1675459187_1497021620333940782.jpg,122,93
82,twitter_GAN_profiles_1675459187_1497021620333940782.jpg,93,119
83,twitter_GAN_profiles_1675459187_1497021620333940782.jpg,96,141
84,twitter_GAN_profiles_1673538743_843965207412137987.jpg,73,93
85,twitter_GAN_profiles_1673538743_843965207412137987.jpg,122,93
86,twitter_GAN_profiles_1673538743_843965207412137987.jpg,93,119
87,twitter_GAN_profiles_1673538743_843965207412137987.jpg,96,141
88,twitter_GAN_profiles_1675458106_1489983945131245569.jpg,73,93
89,twitter_GAN_profiles_1675458106_1489983945131245569.jpg,122,93
90,twitter_GAN_profiles_1675458106_1489983945131245569.jpg,93,119
91,twitter_GAN_profiles_1675458106_1489983945131245569.jpg,96,141
92,twitter_GAN_profiles_1675459190_1498351534345789448.jpg,73,93
93,twitter_GAN_profiles_1675459190_1498351534345789448.jpg,122,93
94,twitter_GAN_profiles_1675459190_1498351534345789448.jpg,93,119
95,twitter_GAN_profiles_1675459190_1498351534345789448.jpg,96,141
96,twitter_GAN_profiles_1675459189_1497647361308299264.jpg,73,93
97,twitter_GAN_profiles_1675459189_1497647361308299264.jpg,122,93
98,twitter_GAN_profiles_1675459189_1497647361308299264.jpg,93,119
99,twitter_GAN_profiles_1675459189_1497647361308299264.jpg,96,141
100,twitter_GAN_profiles_1675458107_1491271289880776707.jpg,73,93
101,twitter_GAN_profiles_1675458107_1491271289880776707.jpg,122,93
102,twitter_GAN_profiles_1675458107_1491271289880776707.jpg,93,119
103,twitter_GAN_profiles_1675458107_1491271289880776707.jpg,96,141
104,twitter_GAN_profiles_1675458103_1479698809001287680.jpg,73,93
105,twitter_GAN_profiles_1675458103_1479698809001287680.jpg,122,93
106,twitter_GAN_profiles_1675458103_1479698809001287680.jpg,93,119
107,twitter_GAN_profiles_1675458103_1479698809001287680.jpg,96,141
108,twitter_GAN_profiles_1675459489_1506592035888840712.jpg,73,93
109,twitter_GAN_profiles_1675459489_1506592035888840712.jpg,122,93
110,twitter_GAN_profiles_1675459489_1506592035888840712.jpg,93,119
111,twitter_GAN_profiles_1675459489_1506592035888840712.jpg,96,141
112,twitter_GAN_profiles_1675459191_1499070571644014595.jpg,73,93
113,twitter_GAN_profiles_1675459191_1499070571644014595.jpg,122,93
114,twitter_GAN_profiles_1675459191_1499070571644014595.jpg,93,119
115,twitter_GAN_profiles_1675459191_1499070571644014595.jpg,96,141
116,twitter_GAN_profiles_1675458100_1460294052851556356.jpg,73,93
117,twitter_GAN_profiles_1675458100_1460294052851556356.jpg,122,93
118,twitter_GAN_profiles_1675458100_1460294052851556356.jpg,93,119
119,twitter_GAN_profiles_1675458100_1460294052851556356.jpg,96,141
120,twitter_GAN_profiles_1675459489_1504237530866233347.jpg,73,93
121,twitter_GAN_profiles_1675459489_1504237530866233347.jpg,122,93
122,twitter_GAN_profiles_1675459489_1504237530866233347.jpg,93,119
123,twitter_GAN_profiles_1675459489_1504237530866233347.jpg,96,141
124,twitter_GAN_profiles_1675459183_1493381599798439948.jpg,73,93
125,twitter_GAN_profiles_1675459183_1493381599798439948.jpg,122,93
126,twitter_GAN_profiles_1675459183_1493381599798439948.jpg,93,119
127,twitter_GAN_profiles_1675459183_1493381599798439948.jpg,96,141
128,twitter_GAN_profiles_1675459191_1498727086009237505.jpg,73,93
129,twitter_GAN_profiles_1675459191_1498727086009237505.jpg,122,93
130,twitter_GAN_profiles_1675459191_1498727086009237505.jpg,93,119
131,twitter_GAN_profiles_1675459191_1498727086009237505.jpg,96,141
132,twitter_GAN_profiles_1675458107_1490766377438695424.jpg,73,93
133,twitter_GAN_profiles_1675458107_1490766377438695424.jpg,122,93
134,twitter_GAN_profiles_1675458107_1490766377438695424.jpg,93,119
135,twitter_GAN_profiles_1675458107_1490766377438695424.jpg,96,141
136,twitter_GAN_profiles_1675459191_1498663016388255758.jpg,73,93
137,twitter_GAN_profiles_1675459191_1498663016388255758.jpg,122,93
138,twitter_GAN_profiles_1675459191_1498663016388255758.jpg,93,119
139,twitter_GAN_profiles_1675459191_1498663016388255758.jpg,96,141
140,twitter_GAN_profiles_1675459192_1499408439226908692.jpg,73,93
141,twitter_GAN_profiles_1675459192_1499408439226908692.jpg,122,93
142,twitter_GAN_profiles_1675459192_1499408439226908692.jpg,93,119
143,twitter_GAN_profiles_1675459192_1499408439226908692.jpg,96,141
144,twitter_GAN_profiles_1675459186_1496470215063912455.jpg,73,93
145,twitter_GAN_profiles_1675459186_1496470215063912455.jpg,122,93
146,twitter_GAN_profiles_1675459186_1496470215063912455.jpg,93,119
147,twitter_GAN_profiles_1675459186_1496470215063912455.jpg,96,141
148,twitter_GAN_profiles_1675459193_1499776601847832580.jpg,73,93
149,twitter_GAN_profiles_1675459193_1499776601847832580.jpg,122,93
150,twitter_GAN_profiles_1675459193_1499776601847832580.jpg,93,119
151,twitter_GAN_profiles_1675459193_1499776601847832580.jpg,96,141
152,twitter_GAN_profiles_1675459493_1509270490103238657.jpg,73,93
153,twitter_GAN_profiles_1675459493_1509270490103238657.jpg,122,93
154,twitter_GAN_profiles_1675459493_1509270490103238657.jpg,93,119
155,twitter_GAN_profiles_1675459493_1509270490103238657.jpg,96,141
156,twitter_GAN_profiles_1675459490_1506899712120565763.jpg,73,93
157,twitter_GAN_profiles_1675459490_1506899712120565763.jpg,122,93
158,twitter_GAN_profiles_1675459490_1506899712120565763.jpg,93,119
159,twitter_GAN_profiles_1675459490_1506899712120565763.jpg,96,141
160,twitter_GAN_profiles_1675458100_1466477461340921866.jpg,73,93
161,twitter_GAN_profiles_1675458100_1466477461340921866.jpg,122,93
162,twitter_GAN_profiles_1675458100_1466477461340921866.jpg,93,119
163,twitter_GAN_profiles_1675458100_1466477461340921866.jpg,96,141
164,twitter_GAN_profiles_1675459184_1493479965689626628.jpg,73,93
165,twitter_GAN_profiles_1675459184_1493479965689626628.jpg,122,93
166,twitter_GAN_profiles_1675459184_1493479965689626628.jpg,93,119
167,twitter_GAN_profiles_1675459184_1493479965689626628.jpg,96,141
168,twitter_GAN_profiles_1675459185_1495959744649043973.jpg,73,93
169,twitter_GAN_profiles_1675459185_1495959744649043973.jpg,122,93
170,twitter_GAN_profiles_1675459185_1495959744649043973.jpg,93,119
171,twitter_GAN_profiles_1675459185_1495959744649043973.jpg,96,141
172,twitter_GAN_profiles_1675459486_1500331677125693440.jpg,73,93
173,twitter_GAN_profiles_1675459486_1500331677125693440.jpg,122,93
174,twitter_GAN_profiles_1675459486_1500331677125693440.jpg,93,119
175,twitter_GAN_profiles_1675459486_1500331677125693440.jpg,96,141
176,twitter_GAN_profiles_1675458102_1477281645434748935.jpg,73,93
177,twitter_GAN_profiles_1675458102_1477281645434748935.jpg,122,93
178,twitter_GAN_profiles_1675458102_1477281645434748935.jpg,93,119
179,twitter_GAN_profiles_1675458102_1477281645434748935.jpg,96,141
180,twitter_GAN_profiles_1673538743_1544408838308171776.jpg,73,93
181,twitter_GAN_profiles_1673538743_1544408838308171776.jpg,122,93
182,twitter_GAN_profiles_1673538743_1544408838308171776.jpg,93,119
183,twitter_GAN_profiles_1673538743_1544408838308171776.jpg,96,141
184,twitter_GAN_profiles_1675458102_1471115335755517955.jpg,73,93
185,twitter_GAN_profiles_1675458102_1471115335755517955.jpg,122,93
186,twitter_GAN_profiles_1675458102_1471115335755517955.jpg,93,119
187,twitter_GAN_profiles_1675458102_1471115335755517955.jpg,96,141
188,twitter_GAN_profiles_1675458108_1492646827476369415.jpg,73,93
189,twitter_GAN_profiles_1675458108_1492646827476369415.jpg,122,93
190,twitter_GAN_profiles_1675458108_1492646827476369415.jpg,93,119
191,twitter_GAN_profiles_1675458108_1492646827476369415.jpg,96,141
192,twitter_GAN_profiles_1675458105_1487306871232946178.jpg,73,93
193,twitter_GAN_profiles_1675458105_1487306871232946178.jpg,122,93
194,twitter_GAN_profiles_1675458105_1487306871232946178.jpg,93,119
195,twitter_GAN_profiles_1675458105_1487306871232946178.jpg,96,141
196,twitter_GAN_profiles_1675459486_1500281796788834308.jpg,73,93
197,twitter_GAN_profiles_1675459486_1500281796788834308.jpg,122,93
198,twitter_GAN_profiles_1675459486_1500281796788834308.jpg,93,119
199,twitter_GAN_profiles_1675459486_1500281796788834308.jpg,96,141
200,twitter_GAN_profiles_1675357027_1603828073446645760.jpg,73,93
201,twitter_GAN_profiles_1675357027_1603828073446645760.jpg,122,93
202,twitter_GAN_profiles_1675357027_1603828073446645760.jpg,93,119
203,twitter_GAN_profiles_1675357027_1603828073446645760.jpg,96,141
204,twitter_GAN_profiles_1675459489_1504325427912970241.jpg,73,93
205,twitter_GAN_profiles_1675459489_1504325427912970241.jpg,122,93
206,twitter_GAN_profiles_1675459489_1504325427912970241.jpg,93,119
207,twitter_GAN_profiles_1675459489_1504325427912970241.jpg,96,141
208,twitter_GAN_profiles_1675458101_1470519265493233664.jpg,73,93
209,twitter_GAN_profiles_1675458101_1470519265493233664.jpg,122,93
210,twitter_GAN_profiles_1675458101_1470519265493233664.jpg,93,119
211,twitter_GAN_profiles_1675458101_1470519265493233664.jpg,96,141
212,twitter_GAN_profiles_1675459190_1498335582870638597.jpg,73,93
213,twitter_GAN_profiles_1675459190_1498335582870638597.jpg,122,93
214,twitter_GAN_profiles_1675459190_1498335582870638597.jpg,93,119
215,twitter_GAN_profiles_1675459190_1498335582870638597.jpg,96,141
216,twitter_GAN_profiles_1675459193_1499515474396200966.jpg,73,93
217,twitter_GAN_profiles_1675459193_1499515474396200966.jpg,122,93
218,twitter_GAN_profiles_1675459193_1499515474396200966.jpg,93,119
219,twitter_GAN_profiles_1675459193_1499515474396200966.jpg,96,141
220,twitter_GAN_profiles_1675458109_1492955457866002432.jpg,73,93
221,twitter_GAN_profiles_1675458109_1492955457866002432.jpg,122,93
222,twitter_GAN_profiles_1675458109_1492955457866002432.jpg,93,119
223,twitter_GAN_profiles_1675458109_1492955457866002432.jpg,96,141
224,twitter_GAN_profiles_1675458098_1453871198635536384.jpg,73,93
225,twitter_GAN_profiles_1675458098_1453871198635536384.jpg,122,93
226,twitter_GAN_profiles_1675458098_1453871198635536384.jpg,93,119
227,twitter_GAN_profiles_1675458098_1453871198635536384.jpg,96,141
228,twitter_GAN_profiles_1675458100_1464719622448496640.jpg,73,93
229,twitter_GAN_profiles_1675458100_1464719622448496640.jpg,122,93
230,twitter_GAN_profiles_1675458100_1464719622448496640.jpg,93,119
231,twitter_GAN_profiles_1675458100_1464719622448496640.jpg,96,141
232,twitter_GAN_profiles_1675459191_1498530181480206337.jpg,73,93
233,twitter_GAN_profiles_1675459191_1498530181480206337.jpg,122,93
234,twitter_GAN_profiles_1675459191_1498530181480206337.jpg,93,119
235,twitter_GAN_profiles_1675459191_1498530181480206337.jpg,96,141
236,twitter_GAN_profiles_1673538743_1310951593785929729.jpg,73,93
237,twitter_GAN_profiles_1673538743_1310951593785929729.jpg,122,93
238,twitter_GAN_profiles_1673538743_1310951593785929729.jpg,93,119
239,twitter_GAN_profiles_1673538743_1310951593785929729.jpg,96,141
240,twitter_GAN_profiles_1675459189_1498009594760601608.jpg,73,93
241,twitter_GAN_profiles_1675459189_1498009594760601608.jpg,122,93
242,twitter_GAN_profiles_1675459189_1498009594760601608.jpg,93,119
243,twitter_GAN_profiles_1675459189_1498009594760601608.jpg,96,141
244,twitter_GAN_profiles_1675459194_1500034975059611652.jpg,73,93
245,twitter_GAN_profiles_1675459194_1500034975059611652.jpg,122,93
246,twitter_GAN_profiles_1675459194_1500034975059611652.jpg,93,119
247,twitter_GAN_profiles_1675459194_1500034975059611652.jpg,96,141
248,twitter_GAN_profiles_1675458101_1469303624253726723.jpg,73,93
249,twitter_GAN_profiles_1675458101_1469303624253726723.jpg,122,93
250,twitter_GAN_profiles_1675458101_1469303624253726723.jpg,93,119
251,twitter_GAN_profiles_1675458101_1469303624253726723.jpg,96,141
252,twitter_GAN_profiles_1675459189_1497693535268528134.jpg,73,93
253,twitter_GAN_profiles_1675459189_1497693535268528134.jpg,122,93
254,twitter_GAN_profiles_1675459189_1497693535268528134.jpg,93,119
255,twitter_GAN_profiles_1675459189_1497693535268528134.jpg,96,141
256,twitter_GAN_profiles_1675459193_1499679460395667456.jpg,73,93
257,twitter_GAN_profiles_1675459193_1499679460395667456.jpg,122,93
258,twitter_GAN_profiles_1675459193_1499679460395667456.jpg,93,119
259,twitter_GAN_profiles_1675459193_1499679460395667456.jpg,96,141
260,twitter_GAN_generated_6.jpg,73,93
261,twitter_GAN_generated_6.jpg,122,93
262,twitter_GAN_generated_6.jpg,93,119
263,twitter_GAN_generated_6.jpg,96,141
264,twitter_GAN_profiles_1675459191_1498532929017942016.jpg,73,93
265,twitter_GAN_profiles_1675459191_1498532929017942016.jpg,122,93
266,twitter_GAN_profiles_1675459191_1498532929017942016.jpg,93,119
267,twitter_GAN_profiles_1675459191_1498532929017942016.jpg,96,141
268,twitter_GAN_profiles_1675458107_1490944964829667328.jpg,73,93
269,twitter_GAN_profiles_1675458107_1490944964829667328.jpg,122,93
270,twitter_GAN_profiles_1675458107_1490944964829667328.jpg,93,119
271,twitter_GAN_profiles_1675458107_1490944964829667328.jpg,96,141
272,twitter_GAN_profiles_1675459194_1499826721603743745.jpg,73,93
273,twitter_GAN_profiles_1675459194_1499826721603743745.jpg,122,93
274,twitter_GAN_profiles_1675459194_1499826721603743745.jpg,93,119
275,twitter_GAN_profiles_1675459194_1499826721603743745.jpg,96,141
276,twitter_GAN_profiles_1675459192_1499333704161898502.jpg,73,93
277,twitter_GAN_profiles_1675459192_1499333704161898502.jpg,122,93
278,twitter_GAN_profiles_1675459192_1499333704161898502.jpg,93,119
279,twitter_GAN_profiles_1675459192_1499333704161898502.jpg,96,141
280,twitter_GAN_generated_7.jpg,73,93
281,twitter_GAN_generated_7.jpg,122,93
282,twitter_GAN_generated_7.jpg,93,119
283,twitter_GAN_generated_7.jpg,96,141
284,twitter_GAN_profiles_1675357026_1609222772852490240.jpg,73,93
285,twitter_GAN_profiles_1675357026_1609222772852490240.jpg,122,93
286,twitter_GAN_profiles_1675357026_1609222772852490240.jpg,93,119
287,twitter_GAN_profiles_1675357026_1609222772852490240.jpg,96,141
288,twitter_GAN_profiles_1675459194_1499840645132914695.jpg,73,93
289,twitter_GAN_profiles_1675459194_1499840645132914695.jpg,122,93
290,twitter_GAN_profiles_1675459194_1499840645132914695.jpg,93,119
291,twitter_GAN_profiles_1675459194_1499840645132914695.jpg,96,141
292,twitter_GAN_profiles_1675458099_1457689014992097285.jpg,73,93
293,twitter_GAN_profiles_1675458099_1457689014992097285.jpg,122,93
294,twitter_GAN_profiles_1675458099_1457689014992097285.jpg,93,119
295,twitter_GAN_profiles_1675458099_1457689014992097285.jpg,96,141
296,twitter_GAN_profiles_1675459195_1500099495765241859.jpg,73,93
297,twitter_GAN_profiles_1675459195_1500099495765241859.jpg,122,93
298,twitter_GAN_profiles_1675459195_1500099495765241859.jpg,93,119
299,twitter_GAN_profiles_1675459195_1500099495765241859.jpg,96,141
300,twitter_GAN_profiles_1675459187_1497257307595444224.jpg,73,93
301,twitter_GAN_profiles_1675459187_1497257307595444224.jpg,122,93
302,twitter_GAN_profiles_1675459187_1497257307595444224.jpg,93,119
303,twitter_GAN_profiles_1675459187_1497257307595444224.jpg,96,141
304,twitter_GAN_profiles_1675459489_1504391848000958465.jpg,73,93
305,twitter_GAN_profiles_1675459489_1504391848000958465.jpg,122,93
306,twitter_GAN_profiles_1675459489_1504391848000958465.jpg,93,119
307,twitter_GAN_profiles_1675459489_1504391848000958465.jpg,96,141
308,twitter_GAN_profiles_1673538743_1280574265486479360.jpg,73,93
309,twitter_GAN_profiles_1673538743_1280574265486479360.jpg,122,93
310,twitter_GAN_profiles_1673538743_1280574265486479360.jpg,93,119
311,twitter_GAN_profiles_1673538743_1280574265486479360.jpg,96,141
312,twitter_GAN_profiles_1675458099_1456036462470774787.jpg,73,93
313,twitter_GAN_profiles_1675458099_1456036462470774787.jpg,122,93
314,twitter_GAN_profiles_1675458099_1456036462470774787.jpg,93,119
315,twitter_GAN_profiles_1675458099_1456036462470774787.jpg,96,141
316,twitter_GAN_profiles_1675459194_1499824393244975108.jpg,73,93
317,twitter_GAN_profiles_1675459194_1499824393244975108.jpg,122,93
318,twitter_GAN_profiles_1675459194_1499824393244975108.jpg,93,119
319,twitter_GAN_profiles_1675459194_1499824393244975108.jpg,96,141
320,twitter_GAN_profiles_1675459493_1509170606620622851.jpg,73,93
321,twitter_GAN_profiles_1675459493_1509170606620622851.jpg,122,93
322,twitter_GAN_profiles_1675459493_1509170606620622851.jpg,93,119
323,twitter_GAN_profiles_1675459493_1509170606620622851.jpg,96,141
324,twitter_GAN_profiles_1675459186_1496815666237562884.jpg,73,93
325,twitter_GAN_profiles_1675459186_1496815666237562884.jpg,122,93
326,twitter_GAN_profiles_1675459186_1496815666237562884.jpg,93,119
327,twitter_GAN_profiles_1675459186_1496815666237562884.jpg,96,141
328,twitter_GAN_profiles_1675459192_1499417752980885507.jpg,73,93
329,twitter_GAN_profiles_1675459192_1499417752980885507.jpg,122,93
330,twitter_GAN_profiles_1675459192_1499417752980885507.jpg,93,119
331,twitter_GAN_profiles_1675459192_1499417752980885507.jpg,96,141
332,twitter_GAN_generated_10.jpg,73,93
333,twitter_GAN_generated_10.jpg,122,93
334,twitter_GAN_generated_10.jpg,93,119
335,twitter_GAN_generated_10.jpg,96,141
336,twitter_GAN_profiles_1675459187_1496901056495689729.jpg,73,93
337,twitter_GAN_profiles_1675459187_1496901056495689729.jpg,122,93
338,twitter_GAN_profiles_1675459187_1496901056495689729.jpg,93,119
339,twitter_GAN_profiles_1675459187_1496901056495689729.jpg,96,141
340,twitter_GAN_generated_5.jpg,73,93
341,twitter_GAN_generated_5.jpg,122,93
342,twitter_GAN_generated_5.jpg,93,119
343,twitter_GAN_generated_5.jpg,96,141
344,twitter_GAN_profiles_1675459184_1493698385106255873.jpg,73,93
345,twitter_GAN_profiles_1675459184_1493698385106255873.jpg,122,93
346,twitter_GAN_profiles_1675459184_1493698385106255873.jpg,93,119
347,twitter_GAN_profiles_1675459184_1493698385106255873.jpg,96,141
348,twitter_GAN_profiles_1675458100_1463869878402752513.jpg,73,93
349,twitter_GAN_profiles_1675458100_1463869878402752513.jpg,122,93
350,twitter_GAN_profiles_1675458100_1463869878402752513.jpg,93,119
351,twitter_GAN_profiles_1675458100_1463869878402752513.jpg,96,141
352,twitter_GAN_profiles_1675459194_1499808468831596544.jpg,73,93
353,twitter_GAN_profiles_1675459194_1499808468831596544.jpg,122,93
354,twitter_GAN_profiles_1675459194_1499808468831596544.jpg,93,119
355,twitter_GAN_profiles_1675459194_1499808468831596544.jpg,96,141
356,twitter_GAN_profiles_1675459185_1494538763430682652.jpg,73,93
357,twitter_GAN_profiles_1675459185_1494538763430682652.jpg,122,93
358,twitter_GAN_profiles_1675459185_1494538763430682652.jpg,93,119
359,twitter_GAN_profiles_1675459185_1494538763430682652.jpg,96,141
360,twitter_GAN_profiles_1675459491_1508709682763874304.jpg,73,93
361,twitter_GAN_profiles_1675459491_1508709682763874304.jpg,122,93
362,twitter_GAN_profiles_1675459491_1508709682763874304.jpg,93,119
363,twitter_GAN_profiles_1675459491_1508709682763874304.jpg,96,141
364,twitter_GAN_profiles_1675459493_1509138711711211525.jpg,73,93
365,twitter_GAN_profiles_1675459493_1509138711711211525.jpg,122,93
366,twitter_GAN_profiles_1675459493_1509138711711211525.jpg,93,119
367,twitter_GAN_profiles_1675459493_1509138711711211525.jpg,96,141
368,twitter_GAN_profiles_1675459186_1496818074460299268.jpg,73,93
369,twitter_GAN_profiles_1675459186_1496818074460299268.jpg,122,93
370,twitter_GAN_profiles_1675459186_1496818074460299268.jpg,93,119
371,twitter_GAN_profiles_1675459186_1496818074460299268.jpg,96,141
372,twitter_GAN_profiles_1675458106_1489452120063545352.jpg,73,93
373,twitter_GAN_profiles_1675458106_1489452120063545352.jpg,122,93
374,twitter_GAN_profiles_1675458106_1489452120063545352.jpg,93,119
375,twitter_GAN_profiles_1675458106_1489452120063545352.jpg,96,141
376,twitter_GAN_generated_4.jpg,73,93
377,twitter_GAN_generated_4.jpg,122,93
378,twitter_GAN_generated_4.jpg,93,119
379,twitter_GAN_generated_4.jpg,96,141
380,twitter_GAN_profiles_1675459195_1500146989090050052.jpg,73,93
381,twitter_GAN_profiles_1675459195_1500146989090050052.jpg,122,93
382,twitter_GAN_profiles_1675459195_1500146989090050052.jpg,93,119
383,twitter_GAN_profiles_1675459195_1500146989090050052.jpg,96,141
384,twitter_GAN_generated_11.jpg,73,93
385,twitter_GAN_generated_11.jpg,122,93
386,twitter_GAN_generated_11.jpg,93,119
387,twitter_GAN_generated_11.jpg,96,141
388,twitter_GAN_profiles_1675459185_1495756041002356739.jpg,73,93
389,twitter_GAN_profiles_1675459185_1495756041002356739.jpg,122,93
390,twitter_GAN_profiles_1675459185_1495756041002356739.jpg,93,119
391,twitter_GAN_profiles_1675459185_1495756041002356739.jpg,96,141
392,twitter_GAN_profiles_1675458103_1478837200607498241.jpg,73,93
393,twitter_GAN_profiles_1675458103_1478837200607498241.jpg,122,93
394,twitter_GAN_profiles_1675458103_1478837200607498241.jpg,93,119
395,twitter_GAN_profiles_1675458103_1478837200607498241.jpg,96,141
396,twitter_GAN_profiles_1675458108_1492280560240181248.jpg,73,93
397,twitter_GAN_profiles_1675458108_1492280560240181248.jpg,122,93
398,twitter_GAN_profiles_1675458108_1492280560240181248.jpg,93,119
399,twitter_GAN_profiles_1675458108_1492280560240181248.jpg,96,141
400,twitter_GAN_profiles_1675459489_1504223236216786957.jpg,73,93
401,twitter_GAN_profiles_1675459489_1504223236216786957.jpg,122,93
402,twitter_GAN_profiles_1675459489_1504223236216786957.jpg,93,119
403,twitter_GAN_profiles_1675459489_1504223236216786957.jpg,96,141
404,twitter_GAN_profiles_1675458104_1482791337644773388.jpg,73,93
405,twitter_GAN_profiles_1675458104_1482791337644773388.jpg,122,93
406,twitter_GAN_profiles_1675458104_1482791337644773388.jpg,93,119
407,twitter_GAN_profiles_1675458104_1482791337644773388.jpg,96,141
408,twitter_GAN_profiles_1675357027_1608635134839758850.jpg,73,93
409,twitter_GAN_profiles_1675357027_1608635134839758850.jpg,122,93
410,twitter_GAN_profiles_1675357027_1608635134839758850.jpg,93,119
411,twitter_GAN_profiles_1675357027_1608635134839758850.jpg,96,141
412,twitter_GAN_profiles_1675459186_1496799549582680064.jpg,73,93
413,twitter_GAN_profiles_1675459186_1496799549582680064.jpg,122,93
414,twitter_GAN_profiles_1675459186_1496799549582680064.jpg,93,119
415,twitter_GAN_profiles_1675459186_1496799549582680064.jpg,96,141
416,twitter_GAN_profiles_1675459193_1499592769613885441.jpg,73,93
417,twitter_GAN_profiles_1675459193_1499592769613885441.jpg,122,93
418,twitter_GAN_profiles_1675459193_1499592769613885441.jpg,93,119
419,twitter_GAN_profiles_1675459193_1499592769613885441.jpg,96,141
420,twitter_GAN_profiles_1671131678_1444000504711950338.jpg,73,93
421,twitter_GAN_profiles_1671131678_1444000504711950338.jpg,122,93
422,twitter_GAN_profiles_1671131678_1444000504711950338.jpg,93,119
423,twitter_GAN_profiles_1671131678_1444000504711950338.jpg,96,141
424,twitter_GAN_profiles_1675459488_1504207192894935043.jpg,73,93
425,twitter_GAN_profiles_1675459488_1504207192894935043.jpg,122,93
426,twitter_GAN_profiles_1675459488_1504207192894935043.jpg,93,119
427,twitter_GAN_profiles_1675459488_1504207192894935043.jpg,96,141
428,twitter_GAN_profiles_1675459189_1497807729175445506.jpg,73,93
429,twitter_GAN_profiles_1675459189_1497807729175445506.jpg,122,93
430,twitter_GAN_profiles_1675459189_1497807729175445506.jpg,93,119
431,twitter_GAN_profiles_1675459189_1497807729175445506.jpg,96,141
432,twitter_GAN_profiles_1675459195_1500051443239186434.jpg,73,93
433,twitter_GAN_profiles_1675459195_1500051443239186434.jpg,122,93
434,twitter_GAN_profiles_1675459195_1500051443239186434.jpg,93,119
435,twitter_GAN_profiles_1675459195_1500051443239186434.jpg,96,141
436,twitter_GAN_profiles_1675458101_1470398620931403777.jpg,73,93
437,twitter_GAN_profiles_1675458101_1470398620931403777.jpg,122,93
438,twitter_GAN_profiles_1675458101_1470398620931403777.jpg,93,119
439,twitter_GAN_profiles_1675458101_1470398620931403777.jpg,96,141
440,twitter_GAN_profiles_1675458104_1484307764721565697.jpg,73,93
441,twitter_GAN_profiles_1675458104_1484307764721565697.jpg,122,93
442,twitter_GAN_profiles_1675458104_1484307764721565697.jpg,93,119
443,twitter_GAN_profiles_1675458104_1484307764721565697.jpg,96,141
444,twitter_GAN_generated_1.jpg,73,93
445,twitter_GAN_generated_1.jpg,122,93
446,twitter_GAN_generated_1.jpg,93,119
447,twitter_GAN_generated_1.jpg,96,141
448,twitter_GAN_profiles_1675459491_1508693746359144457.jpg,73,93
449,twitter_GAN_profiles_1675459491_1508693746359144457.jpg,122,93
450,twitter_GAN_profiles_1675459491_1508693746359144457.jpg,93,119
451,twitter_GAN_profiles_1675459491_1508693746359144457.jpg,96,141
452,twitter_GAN_profiles_1675458109_1493199976255528961.jpg,73,93
453,twitter_GAN_profiles_1675458109_1493199976255528961.jpg,122,93
454,twitter_GAN_profiles_1675458109_1493199976255528961.jpg,93,119
455,twitter_GAN_profiles_1675458109_1493199976255528961.jpg,96,141
456,twitter_GAN_profiles_1675458106_1489920137159450628.jpg,73,93
457,twitter_GAN_profiles_1675458106_1489920137159450628.jpg,122,93
458,twitter_GAN_profiles_1675458106_1489920137159450628.jpg,93,119
459,twitter_GAN_profiles_1675458106_1489920137159450628.jpg,96,141
460,twitter_GAN_profiles_1675459190_1498468887226109957.jpg,73,93
461,twitter_GAN_profiles_1675459190_1498468887226109957.jpg,122,93
462,twitter_GAN_profiles_1675459190_1498468887226109957.jpg,93,119
463,twitter_GAN_profiles_1675459190_1498468887226109957.jpg,96,141
464,twitter_GAN_profiles_1675459185_1495746383554490369.jpg,73,93
465,twitter_GAN_profiles_1675459185_1495746383554490369.jpg,122,93
466,twitter_GAN_profiles_1675459185_1495746383554490369.jpg,93,119
467,twitter_GAN_profiles_1675459185_1495746383554490369.jpg,96,141
468,twitter_GAN_profiles_1675458105_1487574585084162048.jpg,73,93
469,twitter_GAN_profiles_1675458105_1487574585084162048.jpg,122,93
470,twitter_GAN_profiles_1675458105_1487574585084162048.jpg,93,119
471,twitter_GAN_profiles_1675458105_1487574585084162048.jpg,96,141
472,twitter_GAN_profiles_1675459185_1496009653704183808.jpg,73,93
473,twitter_GAN_profiles_1675459185_1496009653704183808.jpg,122,93
474,twitter_GAN_profiles_1675459185_1496009653704183808.jpg,93,119
475,twitter_GAN_profiles_1675459185_1496009653704183808.jpg,96,141
476,twitter_GAN_profiles_1675458100_1465881346417569795.jpg,73,93
477,twitter_GAN_profiles_1675458100_1465881346417569795.jpg,122,93
478,twitter_GAN_profiles_1675458100_1465881346417569795.jpg,93,119
479,twitter_GAN_profiles_1675458100_1465881346417569795.jpg,96,141
480,twitter_GAN_profiles_1675459185_1494729695010643973.jpg,73,93
481,twitter_GAN_profiles_1675459185_1494729695010643973.jpg,122,93
482,twitter_GAN_profiles_1675459185_1494729695010643973.jpg,93,119
483,twitter_GAN_profiles_1675459185_1494729695010643973.jpg,96,141
484,twitter_GAN_profiles_1675459190_1498450224372535296.jpg,73,93
485,twitter_GAN_profiles_1675459190_1498450224372535296.jpg,122,93
486,twitter_GAN_profiles_1675459190_1498450224372535296.jpg,93,119
487,twitter_GAN_profiles_1675459190_1498450224372535296.jpg,96,141
488,twitter_GAN_generated_3.jpg,73,93
489,twitter_GAN_generated_3.jpg,122,93
490,twitter_GAN_generated_3.jpg,93,119
491,twitter_GAN_generated_3.jpg,96,141
492,twitter_GAN_profiles_1675459186_1496025595926491138.jpg,73,93
493,twitter_GAN_profiles_1675459186_1496025595926491138.jpg,122,93
494,twitter_GAN_profiles_1675459186_1496025595926491138.jpg,93,119
495,twitter_GAN_profiles_1675459186_1496025595926491138.jpg,96,141
496,twitter_GAN_profiles_1675458105_1487577504483188738.jpg,73,93
497,twitter_GAN_profiles_1675458105_1487577504483188738.jpg,122,93
498,twitter_GAN_profiles_1675458105_1487577504483188738.jpg,93,119
499,twitter_GAN_profiles_1675458105_1487577504483188738.jpg,96,141
500,twitter_GAN_profiles_1675459493_1509206591731425287.jpg,73,93
501,twitter_GAN_profiles_1675459493_1509206591731425287.jpg,122,93
502,twitter_GAN_profiles_1675459493_1509206591731425287.jpg,93,119
503,twitter_GAN_profiles_1675459493_1509206591731425287.jpg,96,141
504,twitter_GAN_profiles_1675459492_1508921147546554374.jpg,73,93
505,twitter_GAN_profiles_1675459492_1508921147546554374.jpg,122,93
506,twitter_GAN_profiles_1675459492_1508921147546554374.jpg,93,119
507,twitter_GAN_profiles_1675459492_1508921147546554374.jpg,96,141
508,twitter_GAN_generated_2.jpg,73,93
509,twitter_GAN_generated_2.jpg,122,93
510,twitter_GAN_generated_2.jpg,93,119
511,twitter_GAN_generated_2.jpg,96,141
512,twitter_GAN_profiles_1675458106_1489968008646868992.jpg,73,93
513,twitter_GAN_profiles_1675458106_1489968008646868992.jpg,122,93
514,twitter_GAN_profiles_1675458106_1489968008646868992.jpg,93,119
515,twitter_GAN_profiles_1675458106_1489968008646868992.jpg,96,141
516,twitter_GAN_profiles_1675459488_1503917122229092352.jpg,73,93
517,twitter_GAN_profiles_1675459488_1503917122229092352.jpg,122,93
518,twitter_GAN_profiles_1675459488_1503917122229092352.jpg,93,119
519,twitter_GAN_profiles_1675459488_1503917122229092352.jpg,96,141
520,twitter_GAN_profiles_1675459187_1497173215185195010.jpg,73,93
521,twitter_GAN_profiles_1675459187_1497173215185195010.jpg,122,93
522,twitter_GAN_profiles_1675459187_1497173215185195010.jpg,93,119
523,twitter_GAN_profiles_1675459187_1497173215185195010.jpg,96,141
524,twitter_GAN_profiles_1675459193_1499558439407603714.jpg,73,93
525,twitter_GAN_profiles_1675459193_1499558439407603714.jpg,122,93
526,twitter_GAN_profiles_1675459193_1499558439407603714.jpg,93,119
527,twitter_GAN_profiles_1675459193_1499558439407603714.jpg,96,141
528,twitter_GAN_profiles_1675458103_1482072320353222660.jpg,73,93
529,twitter_GAN_profiles_1675458103_1482072320353222660.jpg,122,93
530,twitter_GAN_profiles_1675458103_1482072320353222660.jpg,93,119
531,twitter_GAN_profiles_1675458103_1482072320353222660.jpg,96,141
532,twitter_GAN_profiles_1675458103_1479423989529391104.jpg,73,93
533,twitter_GAN_profiles_1675458103_1479423989529391104.jpg,122,93
534,twitter_GAN_profiles_1675458103_1479423989529391104.jpg,93,119
535,twitter_GAN_profiles_1675458103_1479423989529391104.jpg,96,141
536,twitter_GAN_profiles_1675458100_1458847081729347590.jpg,73,93
537,twitter_GAN_profiles_1675458100_1458847081729347590.jpg,122,93
538,twitter_GAN_profiles_1675458100_1458847081729347590.jpg,93,119
539,twitter_GAN_profiles_1675458100_1458847081729347590.jpg,96,141
540,twitter_GAN_profiles_1675459190_1498071262287048705.jpg,73,93
541,twitter_GAN_profiles_1675459190_1498071262287048705.jpg,122,93
542,twitter_GAN_profiles_1675459190_1498071262287048705.jpg,93,119
543,twitter_GAN_profiles_1675459190_1498071262287048705.jpg,96,141
544,twitter_GAN_profiles_1675459492_1508871551612948485.jpg,73,93
545,twitter_GAN_profiles_1675459492_1508871551612948485.jpg,122,93
546,twitter_GAN_profiles_1675459492_1508871551612948485.jpg,93,119
547,twitter_GAN_profiles_1675459492_1508871551612948485.jpg,96,141
548,twitter_GAN_profiles_1675459187_1497209387756175371.jpg,73,93
549,twitter_GAN_profiles_1675459187_1497209387756175371.jpg,122,93
550,twitter_GAN_profiles_1675459187_1497209387756175371.jpg,93,119
551,twitter_GAN_profiles_1675459187_1497209387756175371.jpg,96,141
552,twitter_GAN_profiles_1675459187_1497190870973620271.jpg,73,93
553,twitter_GAN_profiles_1675459187_1497190870973620271.jpg,122,93
554,twitter_GAN_profiles_1675459187_1497190870973620271.jpg,93,119
555,twitter_GAN_profiles_1675459187_1497190870973620271.jpg,96,141
556,twitter_GAN_profiles_1675459195_1500115445227077634.jpg,73,93
557,twitter_GAN_profiles_1675459195_1500115445227077634.jpg,122,93
558,twitter_GAN_profiles_1675459195_1500115445227077634.jpg,93,119
559,twitter_GAN_profiles_1675459195_1500115445227077634.jpg,96,141
560,twitter_GAN_profiles_1675458108_1491401534789222404.jpg,73,93
561,twitter_GAN_profiles_1675458108_1491401534789222404.jpg,122,93
562,twitter_GAN_profiles_1675458108_1491401534789222404.jpg,93,119
563,twitter_GAN_profiles_1675458108_1491401534789222404.jpg,96,141
564,twitter_GAN_profiles_1675458100_1467880961899651077.jpg,73,93
565,twitter_GAN_profiles_1675458100_1467880961899651077.jpg,122,93
566,twitter_GAN_profiles_1675458100_1467880961899651077.jpg,93,119
567,twitter_GAN_profiles_1675458100_1467880961899651077.jpg,96,141
568,twitter_GAN_profiles_1675459192_1499168572492238848.jpg,73,93
569,twitter_GAN_profiles_1675459192_1499168572492238848.jpg,122,93
570,twitter_GAN_profiles_1675459192_1499168572492238848.jpg,93,119
571,twitter_GAN_profiles_1675459192_1499168572492238848.jpg,96,141
572,twitter_GAN_profiles_1675458109_1492831145825906693.jpg,73,93
573,twitter_GAN_profiles_1675458109_1492831145825906693.jpg,122,93
574,twitter_GAN_profiles_1675458109_1492831145825906693.jpg,93,119
575,twitter_GAN_profiles_1675458109_1492831145825906693.jpg,96,141
576,twitter_GAN_profiles_1675459188_1497343885789450244.jpg,73,93
577,twitter_GAN_profiles_1675459188_1497343885789450244.jpg,122,93
578,twitter_GAN_profiles_1675459188_1497343885789450244.jpg,93,119
579,twitter_GAN_profiles_1675459188_1497343885789450244.jpg,96,141
580,twitter_GAN_profiles_1675459192_1499136500604276744.jpg,73,93
581,twitter_GAN_profiles_1675459192_1499136500604276744.jpg,122,93
582,twitter_GAN_profiles_1675459192_1499136500604276744.jpg,93,119
583,twitter_GAN_profiles_1675459192_1499136500604276744.jpg,96,141
584,twitter_GAN_profiles_1675458101_1468744039977697291.jpg,73,93
585,twitter_GAN_profiles_1675458101_1468744039977697291.jpg,122,93
586,twitter_GAN_profiles_1675458101_1468744039977697291.jpg,93,119
587,twitter_GAN_profiles_1675458101_1468744039977697291.jpg,96,141
588,twitter_GAN_profiles_1675459190_1498303831175667712.jpg,73,93
589,twitter_GAN_profiles_1675459190_1498303831175667712.jpg,122,93
590,twitter_GAN_profiles_1675459190_1498303831175667712.jpg,93,119
591,twitter_GAN_profiles_1675459190_1498303831175667712.jpg,96,141
592,twitter_GAN_profiles_1675458099_1458377859928559617.jpg,73,93
593,twitter_GAN_profiles_1675458099_1458377859928559617.jpg,122,93
594,twitter_GAN_profiles_1675458099_1458377859928559617.jpg,93,119
595,twitter_GAN_profiles_1675458099_1458377859928559617.jpg,96,141
596,twitter_GAN_profiles_1675458109_1493106579209658372.jpg,73,93
597,twitter_GAN_profiles_1675458109_1493106579209658372.jpg,122,93
598,twitter_GAN_profiles_1675458109_1493106579209658372.jpg,93,119
599,twitter_GAN_profiles_1675458109_1493106579209658372.jpg,96,141
600,twitter_GAN_profiles_1675458101_1469367694201741312.jpg,73,93
601,twitter_GAN_profiles_1675458101_1469367694201741312.jpg,122,93
602,twitter_GAN_profiles_1675458101_1469367694201741312.jpg,93,119
603,twitter_GAN_profiles_1675458101_1469367694201741312.jpg,96,141
604,twitter_GAN_profiles_1675459490_1508529662418309120.jpg,73,93
605,twitter_GAN_profiles_1675459490_1508529662418309120.jpg,122,93
606,twitter_GAN_profiles_1675459490_1508529662418309120.jpg,93,119
607,twitter_GAN_profiles_1675459490_1508529662418309120.jpg,96,141
608,twitter_GAN_profiles_1675459489_1504341371364200448.jpg,73,93
609,twitter_GAN_profiles_1675459489_1504341371364200448.jpg,122,93
610,twitter_GAN_profiles_1675459489_1504341371364200448.jpg,93,119
611,twitter_GAN_profiles_1675459489_1504341371364200448.jpg,96,141
612,twitter_GAN_profiles_1675459187_1496852672221257729.jpg,73,93
613,twitter_GAN_profiles_1675459187_1496852672221257729.jpg,122,93
614,twitter_GAN_profiles_1675459187_1496852672221257729.jpg,93,119
615,twitter_GAN_profiles_1675459187_1496852672221257729.jpg,96,141
616,twitter_GAN_profiles_1675459492_1509072868469997570.jpg,73,93
617,twitter_GAN_profiles_1675459492_1509072868469997570.jpg,122,93
618,twitter_GAN_profiles_1675459492_1509072868469997570.jpg,93,119
619,twitter_GAN_profiles_1675459492_1509072868469997570.jpg,96,141
620,twitter_GAN_profiles_1675459184_1494070682535272454.jpg,73,93
621,twitter_GAN_profiles_1675459184_1494070682535272454.jpg,122,93
622,twitter_GAN_profiles_1675459184_1494070682535272454.jpg,93,119
623,twitter_GAN_profiles_1675459184_1494070682535272454.jpg,96,141
624,twitter_GAN_profiles_1675357026_1607407375337537538.jpg,73,93
625,twitter_GAN_profiles_1675357026_1607407375337537538.jpg,122,93
626,twitter_GAN_profiles_1675357026_1607407375337537538.jpg,93,119
627,twitter_GAN_profiles_1675357026_1607407375337537538.jpg,96,141
628,twitter_GAN_profiles_1675459488_1504133842235535362.jpg,73,93
629,twitter_GAN_profiles_1675459488_1504133842235535362.jpg,122,93
630,twitter_GAN_profiles_1675459488_1504133842235535362.jpg,93,119
631,twitter_GAN_profiles_1675459488_1504133842235535362.jpg,96,141
632,twitter_GAN_profiles_1675459488_1504154231846019073.jpg,73,93
633,twitter_GAN_profiles_1675459488_1504154231846019073.jpg,122,93
634,twitter_GAN_profiles_1675459488_1504154231846019073.jpg,93,119
635,twitter_GAN_profiles_1675459488_1504154231846019073.jpg,96,141
636,twitter_GAN_profiles_1675459490_1508463305311936516.jpg,73,93
637,twitter_GAN_profiles_1675459490_1508463305311936516.jpg,122,93
638,twitter_GAN_profiles_1675459490_1508463305311936516.jpg,93,119
639,twitter_GAN_profiles_1675459490_1508463305311936516.jpg,96,141
640,twitter_GAN_profiles_1675459191_1499041870747512841.jpg,73,93
641,twitter_GAN_profiles_1675459191_1499041870747512841.jpg,122,93
642,twitter_GAN_profiles_1675459191_1499041870747512841.jpg,93,119
643,twitter_GAN_profiles_1675459191_1499041870747512841.jpg,96,141
644,twitter_GAN_profiles_1675458106_1488068424685301761.jpg,73,93
645,twitter_GAN_profiles_1675458106_1488068424685301761.jpg,122,93
646,twitter_GAN_profiles_1675458106_1488068424685301761.jpg,93,119
647,twitter_GAN_profiles_1675458106_1488068424685301761.jpg,96,141
648,twitter_GAN_profiles_1675459191_1498645832920453127.jpg,73,93
649,twitter_GAN_profiles_1675459191_1498645832920453127.jpg,122,93
650,twitter_GAN_profiles_1675459191_1498645832920453127.jpg,93,119
651,twitter_GAN_profiles_1675459191_1498645832920453127.jpg,96,141
652,twitter_GAN_profiles_1675459192_1499365629144420355.jpg,73,93
653,twitter_GAN_profiles_1675459192_1499365629144420355.jpg,122,93
654,twitter_GAN_profiles_1675459192_1499365629144420355.jpg,93,119
655,twitter_GAN_profiles_1675459192_1499365629144420355.jpg,96,141
656,twitter_GAN_profiles_1675459184_1493532002800259073.jpg,73,93
657,twitter_GAN_profiles_1675459184_1493532002800259073.jpg,122,93
658,twitter_GAN_profiles_1675459184_1493532002800259073.jpg,93,119
659,twitter_GAN_profiles_1675459184_1493532002800259073.jpg,96,141
660,twitter_GAN_profiles_1675458100_1466806280119623681.jpg,73,93
661,twitter_GAN_profiles_1675458100_1466806280119623681.jpg,122,93
662,twitter_GAN_profiles_1675458100_1466806280119623681.jpg,93,119
663,twitter_GAN_profiles_1675458100_1466806280119623681.jpg,96,141
664,twitter_GAN_profiles_1675458099_1457359779748360199.jpg,73,93
665,twitter_GAN_profiles_1675458099_1457359779748360199.jpg,122,93
666,twitter_GAN_profiles_1675458099_1457359779748360199.jpg,93,119
667,twitter_GAN_profiles_1675458099_1457359779748360199.jpg,96,141
668,twitter_GAN_profiles_1675459486_1500297766551138306.jpg,73,93
669,twitter_GAN_profiles_1675459486_1500297766551138306.jpg,122,93
670,twitter_GAN_profiles_1675459486_1500297766551138306.jpg,93,119
671,twitter_GAN_profiles_1675459486_1500297766551138306.jpg,96,141
672,twitter_GAN_profiles_1675459491_1508823360427364354.jpg,73,93
673,twitter_GAN_profiles_1675459491_1508823360427364354.jpg,122,93
674,twitter_GAN_profiles_1675459491_1508823360427364354.jpg,93,119
675,twitter_GAN_profiles_1675459491_1508823360427364354.jpg,96,141
676,twitter_GAN_profiles_1675459193_1499465892115144709.jpg,73,93
677,twitter_GAN_profiles_1675459193_1499465892115144709.jpg,122,93
678,twitter_GAN_profiles_1675459193_1499465892115144709.jpg,93,119
679,twitter_GAN_profiles_1675459193_1499465892115144709.jpg,96,141
680,twitter_GAN_profiles_1675458106_1487609493953212417.jpg,73,93
681,twitter_GAN_profiles_1675458106_1487609493953212417.jpg,122,93
682,twitter_GAN_profiles_1675458106_1487609493953212417.jpg,93,119
683,twitter_GAN_profiles_1675458106_1487609493953212417.jpg,96,141
684,twitter_GAN_profiles_1675459188_1497507085482815488.jpg,73,93
685,twitter_GAN_profiles_1675459188_1497507085482815488.jpg,122,93
686,twitter_GAN_profiles_1675459188_1497507085482815488.jpg,93,119
687,twitter_GAN_profiles_1675459188_1497507085482815488.jpg,96,141
688,twitter_GAN_profiles_1675459492_1509106742692483073.jpg,73,93
689,twitter_GAN_profiles_1675459492_1509106742692483073.jpg,122,93
690,twitter_GAN_profiles_1675459492_1509106742692483073.jpg,93,119
691,twitter_GAN_profiles_1675459492_1509106742692483073.jpg,96,141
692,twitter_GAN_profiles_1675458097_1446762346039349250.jpg,73,93
693,twitter_GAN_profiles_1675458097_1446762346039349250.jpg,122,93
694,twitter_GAN_profiles_1675458097_1446762346039349250.jpg,93,119
695,twitter_GAN_profiles_1675458097_1446762346039349250.jpg,96,141
696,twitter_GAN_profiles_1675458104_1482481184210886663.jpg,73,93
697,twitter_GAN_profiles_1675458104_1482481184210886663.jpg,122,93
698,twitter_GAN_profiles_1675458104_1482481184210886663.jpg,93,119
699,twitter_GAN_profiles_1675458104_1482481184210886663.jpg,96,141
700,twitter_GAN_profiles_1675459490_1508661824689823745.jpg,73,93
701,twitter_GAN_profiles_1675459490_1508661824689823745.jpg,122,93
702,twitter_GAN_profiles_1675459490_1508661824689823745.jpg,93,119
703,twitter_GAN_profiles_1675459490_1508661824689823745.jpg,96,141
704,twitter_GAN_profiles_1675458098_1449657186607579140.jpg,73,93
705,twitter_GAN_profiles_1675458098_1449657186607579140.jpg,122,93
706,twitter_GAN_profiles_1675458098_1449657186607579140.jpg,93,119
707,twitter_GAN_profiles_1675458098_1449657186607579140.jpg,96,141
708,twitter_GAN_profiles_1675459185_1494384733702217728.jpg,73,93
709,twitter_GAN_profiles_1675459185_1494384733702217728.jpg,122,93
710,twitter_GAN_profiles_1675459185_1494384733702217728.jpg,93,119
711,twitter_GAN_profiles_1675459185_1494384733702217728.jpg,96,141
712,twitter_GAN_profiles_1675459189_1497709452006416388.jpg,73,93
713,twitter_GAN_profiles_1675459189_1497709452006416388.jpg,122,93
714,twitter_GAN_profiles_1675459189_1497709452006416388.jpg,93,119
715,twitter_GAN_profiles_1675459189_1497709452006416388.jpg,96,141
716,twitter_GAN_profiles_1675459491_1508725649900392448.jpg,73,93
717,twitter_GAN_profiles_1675459491_1508725649900392448.jpg,122,93
718,twitter_GAN_profiles_1675459491_1508725649900392448.jpg,93,119
719,twitter_GAN_profiles_1675459491_1508725649900392448.jpg,96,141
720,twitter_GAN_profiles_1675458101_1469587669185351680.jpg,73,93
721,twitter_GAN_profiles_1675458101_1469587669185351680.jpg,122,93
722,twitter_GAN_profiles_1675458101_1469587669185351680.jpg,93,119
723,twitter_GAN_profiles_1675458101_1469587669185351680.jpg,96,141
724,twitter_GAN_generated_9.jpg,73,93
725,twitter_GAN_generated_9.jpg,122,93
726,twitter_GAN_generated_9.jpg,93,119
727,twitter_GAN_generated_9.jpg,96,141
728,twitter_GAN_profiles_1675459491_1508757631925587972.jpg,73,93
729,twitter_GAN_profiles_1675459491_1508757631925587972.jpg,122,93
730,twitter_GAN_profiles_1675459491_1508757631925587972.jpg,93,119
731,twitter_GAN_profiles_1675459491_1508757631925587972.jpg,96,141
732,twitter_GAN_profiles_1675458108_1492296502831685636.jpg,73,93
733,twitter_GAN_profiles_1675458108_1492296502831685636.jpg,122,93
734,twitter_GAN_profiles_1675458108_1492296502831685636.jpg,93,119
735,twitter_GAN_profiles_1675458108_1492296502831685636.jpg,96,141
736,twitter_GAN_profiles_1675459490_1508565701455351808.jpg,73,93
737,twitter_GAN_profiles_1675459490_1508565701455351808.jpg,122,93
738,twitter_GAN_profiles_1675459490_1508565701455351808.jpg,93,119
739,twitter_GAN_profiles_1675459490_1508565701455351808.jpg,96,141
740,twitter_GAN_profiles_1675458104_1484586368638636033.jpg,73,93
741,twitter_GAN_profiles_1675458104_1484586368638636033.jpg,122,93
742,twitter_GAN_profiles_1675458104_1484586368638636033.jpg,93,119
743,twitter_GAN_profiles_1675458104_1484586368638636033.jpg,96,141
744,twitter_GAN_profiles_1675459488_1503901146758500355.jpg,73,93
745,twitter_GAN_profiles_1675459488_1503901146758500355.jpg,122,93
746,twitter_GAN_profiles_1675459488_1503901146758500355.jpg,93,119
747,twitter_GAN_profiles_1675459488_1503901146758500355.jpg,96,141
748,twitter_GAN_profiles_1675459184_1493496067043651591.jpg,73,93
749,twitter_GAN_profiles_1675459184_1493496067043651591.jpg,122,93
750,twitter_GAN_profiles_1675459184_1493496067043651591.jpg,93,119
751,twitter_GAN_profiles_1675459184_1493496067043651591.jpg,96,141
752,twitter_GAN_profiles_1675458107_1491303201168969733.jpg,73,93
753,twitter_GAN_profiles_1675458107_1491303201168969733.jpg,122,93
754,twitter_GAN_profiles_1675458107_1491303201168969733.jpg,93,119
755,twitter_GAN_profiles_1675458107_1491303201168969733.jpg,96,141
756,twitter_GAN_profiles_1675458104_1482383080878915586.jpg,73,93
757,twitter_GAN_profiles_1675458104_1482383080878915586.jpg,122,93
758,twitter_GAN_profiles_1675458104_1482383080878915586.jpg,93,119
759,twitter_GAN_profiles_1675458104_1482383080878915586.jpg,96,141
760,twitter_GAN_generated_8.jpg,73,93
761,twitter_GAN_generated_8.jpg,122,93
762,twitter_GAN_generated_8.jpg,93,119
763,twitter_GAN_generated_8.jpg,96,141
764,twitter_GAN_profiles_1675459195_1500066861798633473.jpg,73,93
765,twitter_GAN_profiles_1675459195_1500066861798633473.jpg,122,93
766,twitter_GAN_profiles_1675459195_1500066861798633473.jpg,93,119
767,twitter_GAN_profiles_1675459195_1500066861798633473.jpg,96,141
768,twitter_GAN_profiles_1675459489_1504524791633612810.jpg,73,93
769,twitter_GAN_profiles_1675459489_1504524791633612810.jpg,122,93
770,twitter_GAN_profiles_1675459489_1504524791633612810.jpg,93,119
771,twitter_GAN_profiles_1675459489_1504524791633612810.jpg,96,141
772,twitter_GAN_profiles_1675458098_1449486614997127173.jpg,73,93
773,twitter_GAN_profiles_1675458098_1449486614997127173.jpg,122,93
774,twitter_GAN_profiles_1675458098_1449486614997127173.jpg,93,119
775,twitter_GAN_profiles_1675458098_1449486614997127173.jpg,96,141
776,twitter_GAN_profiles_1675459192_1499280770522824705.jpg,73,93
777,twitter_GAN_profiles_1675459192_1499280770522824705.jpg,122,93
778,twitter_GAN_profiles_1675459192_1499280770522824705.jpg,93,119
779,twitter_GAN_profiles_1675459192_1499280770522824705.jpg,96,141
780,twitter_GAN_profiles_1675458104_1482555182386876418.jpg,73,93
781,twitter_GAN_profiles_1675458104_1482555182386876418.jpg,122,93
782,twitter_GAN_profiles_1675458104_1482555182386876418.jpg,93,119
783,twitter_GAN_profiles_1675458104_1482555182386876418.jpg,96,141
784,twitter_GAN_profiles_1675459492_1508970663574450183.jpg,73,93
785,twitter_GAN_profiles_1675459492_1508970663574450183.jpg,122,93
786,twitter_GAN_profiles_1675459492_1508970663574450183.jpg,93,119
787,twitter_GAN_profiles_1675459492_1508970663574450183.jpg,96,141
788,twitter_GAN_profiles_1675458108_1492052020924137472.jpg,73,93
789,twitter_GAN_profiles_1675458108_1492052020924137472.jpg,122,93
790,twitter_GAN_profiles_1675458108_1492052020924137472.jpg,93,119
791,twitter_GAN_profiles_1675458108_1492052020924137472.jpg,96,141
792,twitter_GAN_profiles_1675459186_1496486190182187015.jpg,73,93
793,twitter_GAN_profiles_1675459186_1496486190182187015.jpg,122,93
794,twitter_GAN_profiles_1675459186_1496486190182187015.jpg,93,119
795,twitter_GAN_profiles_1675459186_1496486190182187015.jpg,96,141
796,twitter_GAN_profiles_1675458099_1455664960252661764.jpg,73,93
797,twitter_GAN_profiles_1675458099_1455664960252661764.jpg,122,93
798,twitter_GAN_profiles_1675458099_1455664960252661764.jpg,93,119
799,twitter_GAN_profiles_1675458099_1455664960252661764.jpg,96,141
800,twitter_GAN_profiles_1675459184_1493448051670667265.jpg,73,93
801,twitter_GAN_profiles_1675459184_1493448051670667265.jpg,122,93
802,twitter_GAN_profiles_1675459184_1493448051670667265.jpg,93,119
803,twitter_GAN_profiles_1675459184_1493448051670667265.jpg,96,141
804,twitter_GAN_profiles_1675458106_1488573433164173313.jpg,73,93
805,twitter_GAN_profiles_1675458106_1488573433164173313.jpg,122,93
806,twitter_GAN_profiles_1675458106_1488573433164173313.jpg,93,119
807,twitter_GAN_profiles_1675458106_1488573433164173313.jpg,96,141
808,twitter_GAN_profiles_1675459490_1508513695197921281.jpg,73,93
809,twitter_GAN_profiles_1675459490_1508513695197921281.jpg,122,93
810,twitter_GAN_profiles_1675459490_1508513695197921281.jpg,93,119
811,twitter_GAN_profiles_1675459490_1508513695197921281.jpg,96,141
812,twitter_GAN_profiles_1675458099_1454849970213883909.jpg,73,93
813,twitter_GAN_profiles_1675458099_1454849970213883909.jpg,122,93
814,twitter_GAN_profiles_1675458099_1454849970213883909.jpg,93,119
815,twitter_GAN_profiles_1675458099_1454849970213883909.jpg,96,141
816,twitter_GAN_profiles_1675459186_1496799546978017281.jpg,73,93
817,twitter_GAN_profiles_1675459186_1496799546978017281.jpg,122,93
818,twitter_GAN_profiles_1675459186_1496799546978017281.jpg,93,119
819,twitter_GAN_profiles_1675459186_1496799546978017281.jpg,96,141
820,twitter_GAN_profiles_1675458099_1458438818126868487.jpg,73,93
821,twitter_GAN_profiles_1675458099_1458438818126868487.jpg,122,93
822,twitter_GAN_profiles_1675458099_1458438818126868487.jpg,93,119
823,twitter_GAN_profiles_1675458099_1458438818126868487.jpg,96,141
824,twitter_GAN_profiles_1675459486_1500249938663403520.jpg,73,93
825,twitter_GAN_profiles_1675459486_1500249938663403520.jpg,122,93
826,twitter_GAN_profiles_1675459486_1500249938663403520.jpg,93,119
827,twitter_GAN_profiles_1675459486_1500249938663403520.jpg,96,141
828,twitter_GAN_profiles_1675459487_1503629339203674115.jpg,73,93
829,twitter_GAN_profiles_1675459487_1503629339203674115.jpg,122,93
830,twitter_GAN_profiles_1675459487_1503629339203674115.jpg,93,119
831,twitter_GAN_profiles_1675459487_1503629339203674115.jpg,96,141
832,twitter_GAN_profiles_1675458103_1479162628769468426.jpg,73,93
833,twitter_GAN_profiles_1675458103_1479162628769468426.jpg,122,93
834,twitter_GAN_profiles_1675458103_1479162628769468426.jpg,93,119
835,twitter_GAN_profiles_1675458103_1479162628769468426.jpg,96,141
836,twitter_GAN_profiles_1675458104_1486158997430358022.jpg,73,93
837,twitter_GAN_profiles_1675458104_1486158997430358022.jpg,122,93
838,twitter_GAN_profiles_1675458104_1486158997430358022.jpg,93,119
839,twitter_GAN_profiles_1675458104_1486158997430358022.jpg,96,141
840,twitter_GAN_profiles_1675459486_1500270409874227202.jpg,73,93
841,twitter_GAN_profiles_1675459486_1500270409874227202.jpg,122,93
842,twitter_GAN_profiles_1675459486_1500270409874227202.jpg,93,119
843,twitter_GAN_profiles_1675459486_1500270409874227202.jpg,96,141
844,twitter_GAN_profiles_1673898488_1611391085019906050.jpg,73,93
845,twitter_GAN_profiles_1673898488_1611391085019906050.jpg,122,93
846,twitter_GAN_profiles_1673898488_1611391085019906050.jpg,93,119
847,twitter_GAN_profiles_1673898488_1611391085019906050.jpg,96,141
848,twitter_GAN_profiles_1675459491_1508789578110365697.jpg,73,93
849,twitter_GAN_profiles_1675459491_1508789578110365697.jpg,122,93
850,twitter_GAN_profiles_1675459491_1508789578110365697.jpg,93,119
851,twitter_GAN_profiles_1675459491_1508789578110365697.jpg,96,141
852,twitter_GAN_profiles_1675459183_1493311350147268614.jpg,73,93
853,twitter_GAN_profiles_1675459183_1493311350147268614.jpg,122,93
854,twitter_GAN_profiles_1675459183_1493311350147268614.jpg,93,119
855,twitter_GAN_profiles_1675459183_1493311350147268614.jpg,96,141
856,twitter_GAN_profiles_1675459492_1508953061238136832.jpg,73,93
857,twitter_GAN_profiles_1675459492_1508953061238136832.jpg,122,93
858,twitter_GAN_profiles_1675459492_1508953061238136832.jpg,93,119
859,twitter_GAN_profiles_1675459492_1508953061238136832.jpg,96,141
860,twitter_GAN_profiles_1675458109_1493079497805078529.jpg,73,93
861,twitter_GAN_profiles_1675458109_1493079497805078529.jpg,122,93
862,twitter_GAN_profiles_1675458109_1493079497805078529.jpg,93,119
863,twitter_GAN_profiles_1675458109_1493079497805078529.jpg,96,141
864,twitter_GAN_profiles_1675459490_1508597615708938240.jpg,73,93
865,twitter_GAN_profiles_1675459490_1508597615708938240.jpg,122,93
866,twitter_GAN_profiles_1675459490_1508597615708938240.jpg,93,119
867,twitter_GAN_profiles_1675459490_1508597615708938240.jpg,96,141
868,twitter_GAN_profiles_1675459487_1503564105570942978.jpg,73,93
869,twitter_GAN_profiles_1675459487_1503564105570942978.jpg,122,93
870,twitter_GAN_profiles_1675459487_1503564105570942978.jpg,93,119
871,twitter_GAN_profiles_1675459487_1503564105570942978.jpg,96,141
872,twitter_GAN_profiles_1675459188_1497551492496117761.jpg,73,93
873,twitter_GAN_profiles_1675459188_1497551492496117761.jpg,122,93
874,twitter_GAN_profiles_1675459188_1497551492496117761.jpg,93,119
875,twitter_GAN_profiles_1675459188_1497551492496117761.jpg,96,141
876,twitter_GAN_profiles_1675458108_1492792105298587648.jpg,73,93
877,twitter_GAN_profiles_1675458108_1492792105298587648.jpg,122,93
878,twitter_GAN_profiles_1675458108_1492792105298587648.jpg,93,119
879,twitter_GAN_profiles_1675458108_1492792105298587648.jpg,96,141
880,twitter_GAN_profiles_1675458098_1451677566494986244.jpg,73,93
881,twitter_GAN_profiles_1675458098_1451677566494986244.jpg,122,93
882,twitter_GAN_profiles_1675458098_1451677566494986244.jpg,93,119
883,twitter_GAN_profiles_1675458098_1451677566494986244.jpg,96,141
884,twitter_GAN_profiles_1675459487_1503661328451395586.jpg,73,93
885,twitter_GAN_profiles_1675459487_1503661328451395586.jpg,122,93
886,twitter_GAN_profiles_1675459487_1503661328451395586.jpg,93,119
887,twitter_GAN_profiles_1675459487_1503661328451395586.jpg,96,141
888,twitter_GAN_profiles_1675459487_1502799552599912449.jpg,73,93
889,twitter_GAN_profiles_1675459487_1502799552599912449.jpg,122,93
890,twitter_GAN_profiles_1675459487_1502799552599912449.jpg,93,119
891,twitter_GAN_profiles_1675459487_1502799552599912449.jpg,96,141
892,twitter_GAN_profiles_1675458102_1473978937902575617.jpg,73,93
893,twitter_GAN_profiles_1675458102_1473978937902575617.jpg,122,93
894,twitter_GAN_profiles_1675458102_1473978937902575617.jpg,93,119
895,twitter_GAN_profiles_1675458102_1473978937902575617.jpg,96,141
896,twitter_GAN_profiles_1675458102_1471989161116803072.jpg,73,93
897,twitter_GAN_profiles_1675458102_1471989161116803072.jpg,122,93
898,twitter_GAN_profiles_1675458102_1471989161116803072.jpg,93,119
899,twitter_GAN_profiles_1675458102_1471989161116803072.jpg,96,141
900,twitter_GAN_profiles_1675458098_1448984888447836163.jpg,73,93
901,twitter_GAN_profiles_1675458098_1448984888447836163.jpg,122,93
902,twitter_GAN_profiles_1675458098_1448984888447836163.jpg,93,119
903,twitter_GAN_profiles_1675458098_1448984888447836163.jpg,96,141
904,twitter_GAN_profiles_1675458105_1487492346359042050.jpg,73,93
905,twitter_GAN_profiles_1675458105_1487492346359042050.jpg,122,93
906,twitter_GAN_profiles_1675458105_1487492346359042050.jpg,93,119
907,twitter_GAN_profiles_1675458105_1487492346359042050.jpg,96,141
908,twitter_GAN_profiles_1675459488_1504136257198247940.jpg,73,93
909,twitter_GAN_profiles_1675459488_1504136257198247940.jpg,122,93
910,twitter_GAN_profiles_1675459488_1504136257198247940.jpg,93,119
911,twitter_GAN_profiles_1675459488_1504136257198247940.jpg,96,141
912,twitter_GAN_profiles_1675458098_1451157659424542721.jpg,73,93
913,twitter_GAN_profiles_1675458098_1451157659424542721.jpg,122,93
914,twitter_GAN_profiles_1675458098_1451157659424542721.jpg,93,119
915,twitter_GAN_profiles_1675458098_1451157659424542721.jpg,96,141
916,twitter_GAN_profiles_1675459189_1497615366859624450.jpg,73,93
917,twitter_GAN_profiles_1675459189_1497615366859624450.jpg,122,93
918,twitter_GAN_profiles_1675459189_1497615366859624450.jpg,93,119
919,twitter_GAN_profiles_1675459189_1497615366859624450.jpg,96,141
920,twitter_GAN_profiles_1675459188_1497359832713678849.jpg,73,93
921,twitter_GAN_profiles_1675459188_1497359832713678849.jpg,122,93
922,twitter_GAN_profiles_1675459188_1497359832713678849.jpg,93,119
923,twitter_GAN_profiles_1675459188_1497359832713678849.jpg,96,141
924,twitter_GAN_profiles_1675458105_1487458796834369536.jpg,73,93
925,twitter_GAN_profiles_1675458105_1487458796834369536.jpg,122,93
926,twitter_GAN_profiles_1675458105_1487458796834369536.jpg,93,119
927,twitter_GAN_profiles_1675458105_1487458796834369536.jpg,96,141
928,twitter_GAN_profiles_1675459194_1500050910873010177.jpg,73,93
929,twitter_GAN_profiles_1675459194_1500050910873010177.jpg,122,93
930,twitter_GAN_profiles_1675459194_1500050910873010177.jpg,93,119
931,twitter_GAN_profiles_1675459194_1500050910873010177.jpg,96,141
932,twitter_GAN_profiles_1675459194_1499838998902194177.jpg,73,93
933,twitter_GAN_profiles_1675459194_1499838998902194177.jpg,122,93
934,twitter_GAN_profiles_1675459194_1499838998902194177.jpg,93,119
935,twitter_GAN_profiles_1675459194_1499838998902194177.jpg,96,141
936,twitter_GAN_profiles_1675459189_1497792508927090689.jpg,73,93
937,twitter_GAN_profiles_1675459189_1497792508927090689.jpg,122,93
938,twitter_GAN_profiles_1675459189_1497792508927090689.jpg,93,119
939,twitter_GAN_profiles_1675459189_1497792508927090689.jpg,96,141
940,twitter_GAN_profiles_1675459487_1502627435715735559.jpg,73,93
941,twitter_GAN_profiles_1675459487_1502627435715735559.jpg,122,93
942,twitter_GAN_profiles_1675459487_1502627435715735559.jpg,93,119
943,twitter_GAN_profiles_1675459487_1502627435715735559.jpg,96,141
944,twitter_GAN_profiles_1673898488_1612899060884570112.jpg,73,93
945,twitter_GAN_profiles_1673898488_1612899060884570112.jpg,122,93
946,twitter_GAN_profiles_1673898488_1612899060884570112.jpg,93,119
947,twitter_GAN_profiles_1673898488_1612899060884570112.jpg,96,141
948,twitter_GAN_profiles_1675459492_1508937137583927297.jpg,73,93
949,twitter_GAN_profiles_1675459492_1508937137583927297.jpg,122,93
950,twitter_GAN_profiles_1675459492_1508937137583927297.jpg,93,119
951,twitter_GAN_profiles_1675459492_1508937137583927297.jpg,96,141
952,twitter_GAN_profiles_1675459188_1497439603443130368.jpg,73,93
953,twitter_GAN_profiles_1675459188_1497439603443130368.jpg,122,93
954,twitter_GAN_profiles_1675459188_1497439603443130368.jpg,93,119
955,twitter_GAN_profiles_1675459188_1497439603443130368.jpg,96,141
956,twitter_GAN_profiles_1675459188_1497599425207672839.jpg,73,93
957,twitter_GAN_profiles_1675459188_1497599425207672839.jpg,122,93
958,twitter_GAN_profiles_1675459188_1497599425207672839.jpg,93,119
959,twitter_GAN_profiles_1675459188_1497599425207672839.jpg,96,141
960,twitter_GAN_profiles_1675458102_1473248288409362438.jpg,73,93
961,twitter_GAN_profiles_1675458102_1473248288409362438.jpg,122,93
962,twitter_GAN_profiles_1675458102_1473248288409362438.jpg,93,119
963,twitter_GAN_profiles_1675458102_1473248288409362438.jpg,96,141
964,twitter_GAN_profiles_1675458102_1473108460111900674.jpg,73,93
965,twitter_GAN_profiles_1675458102_1473108460111900674.jpg,122,93
966,twitter_GAN_profiles_1675458102_1473108460111900674.jpg,93,119
967,twitter_GAN_profiles_1675458102_1473108460111900674.jpg,96,141
968,twitter_GAN_profiles_1675459491_1508855291596607488.jpg,73,93
969,twitter_GAN_profiles_1675459491_1508855291596607488.jpg,122,93
970,twitter_GAN_profiles_1675459491_1508855291596607488.jpg,93,119
971,twitter_GAN_profiles_1675459491_1508855291596607488.jpg,96,141
972,twitter_GAN_profiles_1675458107_1490715484945141760.jpg,73,93
973,twitter_GAN_profiles_1675458107_1490715484945141760.jpg,122,93
974,twitter_GAN_profiles_1675458107_1490715484945141760.jpg,93,119
975,twitter_GAN_profiles_1675458107_1490715484945141760.jpg,96,141
976,twitter_GAN_profiles_1675459184_1493618249614835716.jpg,73,93
977,twitter_GAN_profiles_1675459184_1493618249614835716.jpg,122,93
978,twitter_GAN_profiles_1675459184_1493618249614835716.jpg,93,119
979,twitter_GAN_profiles_1675459184_1493618249614835716.jpg,96,141
980,twitter_GAN_profiles_1675459487_1500482845218902017.jpg,73,93
981,twitter_GAN_profiles_1675459487_1500482845218902017.jpg,122,93
982,twitter_GAN_profiles_1675459487_1500482845218902017.jpg,93,119
983,twitter_GAN_profiles_1675459487_1500482845218902017.jpg,96,141
984,twitter_GAN_profiles_1675458107_1491207481044918274.jpg,73,93
985,twitter_GAN_profiles_1675458107_1491207481044918274.jpg,122,93
986,twitter_GAN_profiles_1675458107_1491207481044918274.jpg,93,119
987,twitter_GAN_profiles_1675458107_1491207481044918274.jpg,96,141
988,twitter_GAN_profiles_1675459488_1504120321196056585.jpg,73,93
989,twitter_GAN_profiles_1675459488_1504120321196056585.jpg,122,93
990,twitter_GAN_profiles_1675459488_1504120321196056585.jpg,93,119
991,twitter_GAN_profiles_1675459488_1504120321196056585.jpg,96,141
992,twitter_GAN_profiles_1675458105_1486765342252625920.jpg,73,93
993,twitter_GAN_profiles_1675458105_1486765342252625920.jpg,122,93
994,twitter_GAN_profiles_1675458105_1486765342252625920.jpg,93,119
995,twitter_GAN_profiles_1675458105_1486765342252625920.jpg,96,141
996,twitter_GAN_profiles_1675459190_1498088692396793865.jpg,73,93
997,twitter_GAN_profiles_1675459190_1498088692396793865.jpg,122,93
998,twitter_GAN_profiles_1675459190_1498088692396793865.jpg,93,119
999,twitter_GAN_profiles_1675459190_1498088692396793865.jpg,96,141
1000,twitter_GAN_profiles_1675458103_1479274862698926080.jpg,73,93
1001,twitter_GAN_profiles_1675458103_1479274862698926080.jpg,122,93
1002,twitter_GAN_profiles_1675458103_1479274862698926080.jpg,93,119
1003,twitter_GAN_profiles_1675458103_1479274862698926080.jpg,96,141
1004,twitter_GAN_profiles_1675459190_1498516963546566658.jpg,73,93
1005,twitter_GAN_profiles_1675459190_1498516963546566658.jpg,122,93
1006,twitter_GAN_profiles_1675459190_1498516963546566658.jpg,93,119
1007,twitter_GAN_profiles_1675459190_1498516963546566658.jpg,96,141
1008,twitter_GAN_profiles_1675458099_1456412918191464448.jpg,73,93
1009,twitter_GAN_profiles_1675458099_1456412918191464448.jpg,122,93
1010,twitter_GAN_profiles_1675458099_1456412918191464448.jpg,93,119
1011,twitter_GAN_profiles_1675458099_1456412918191464448.jpg,96,141
1012,twitter_GAN_profiles_1673538743_811063812233265156.jpg,73,93
1013,twitter_GAN_profiles_1673538743_811063812233265156.jpg,122,93
1014,twitter_GAN_profiles_1673538743_811063812233265156.jpg,93,119
1015,twitter_GAN_profiles_1673538743_811063812233265156.jpg,96,141
1016,twitter_GAN_profiles_1675459487_1502944321288474626.jpg,73,93
1017,twitter_GAN_profiles_1675459487_1502944321288474626.jpg,122,93
1018,twitter_GAN_profiles_1675459487_1502944321288474626.jpg,93,119
1019,twitter_GAN_profiles_1675459487_1502944321288474626.jpg,96,141
1020,twitter_GAN_profiles_1675459193_1499631415952089091.jpg,73,93
1021,twitter_GAN_profiles_1675459193_1499631415952089091.jpg,122,93
1022,twitter_GAN_profiles_1675459193_1499631415952089091.jpg,93,119
1023,twitter_GAN_profiles_1675459193_1499631415952089091.jpg,96,141
1024,twitter_GAN_profiles_1675459191_1498550292220194819.jpg,73,93
1025,twitter_GAN_profiles_1675459191_1498550292220194819.jpg,122,93
1026,twitter_GAN_profiles_1675459191_1498550292220194819.jpg,93,119
1027,twitter_GAN_profiles_1675459191_1498550292220194819.jpg,96,141
1028,twitter_GAN_profiles_1675459194_1499872519297413124.jpg,73,93
1029,twitter_GAN_profiles_1675459194_1499872519297413124.jpg,122,93
1030,twitter_GAN_profiles_1675459194_1499872519297413124.jpg,93,119
1031,twitter_GAN_profiles_1675459194_1499872519297413124.jpg,96,141
1032,twitter_GAN_profiles_1675459187_1496883375524691974.jpg,73,93
1033,twitter_GAN_profiles_1675459187_1496883375524691974.jpg,122,93
1034,twitter_GAN_profiles_1675459187_1496883375524691974.jpg,93,119
1035,twitter_GAN_profiles_1675459187_1496883375524691974.jpg,96,141
1036,twitter_GAN_profiles_1675458102_1471265401719902208.jpg,73,93
1037,twitter_GAN_profiles_1675458102_1471265401719902208.jpg,122,93
1038,twitter_GAN_profiles_1675458102_1471265401719902208.jpg,93,119
1039,twitter_GAN_profiles_1675458102_1471265401719902208.jpg,96,141
1040,twitter_GAN_profiles_1675458102_1472233666193629188.jpg,73,93
1041,twitter_GAN_profiles_1675458102_1472233666193629188.jpg,122,93
1042,twitter_GAN_profiles_1675458102_1472233666193629188.jpg,93,119
1043,twitter_GAN_profiles_1675458102_1472233666193629188.jpg,96,141
1044,twitter_GAN_profiles_1673898489_1613175054266761220.jpg,73,93
1045,twitter_GAN_profiles_1673898489_1613175054266761220.jpg,122,93
1046,twitter_GAN_profiles_1673898489_1613175054266761220.jpg,93,119
1047,twitter_GAN_profiles_1673898489_1613175054266761220.jpg,96,141
1048,twitter_GAN_profiles_1675459184_1493878798969880579.jpg,73,93
1049,twitter_GAN_profiles_1675459184_1493878798969880579.jpg,122,93
1050,twitter_GAN_profiles_1675459184_1493878798969880579.jpg,93,119
1051,twitter_GAN_profiles_1675459184_1493878798969880579.jpg,96,141
1052,twitter_GAN_profiles_1675357027_1601965794946158592.jpg,73,93
1053,twitter_GAN_profiles_1675357027_1601965794946158592.jpg,122,93
1054,twitter_GAN_profiles_1675357027_1601965794946158592.jpg,93,119
1055,twitter_GAN_profiles_1675357027_1601965794946158592.jpg,96,141
1056,twitter_GAN_profiles_1675458103_1482024462291595264.jpg,73,93
1057,twitter_GAN_profiles_1675458103_1482024462291595264.jpg,122,93
1058,twitter_GAN_profiles_1675458103_1482024462291595264.jpg,93,119
1059,twitter_GAN_profiles_1675458103_1482024462291595264.jpg,96,141
1060,twitter_GAN_profiles_1675459491_1508807375339327504.jpg,73,93
1061,twitter_GAN_profiles_1675459491_1508807375339327504.jpg,122,93
1062,twitter_GAN_profiles_1675459491_1508807375339327504.jpg,93,119
1063,twitter_GAN_profiles_1675459491_1508807375339327504.jpg,96,141
1064,twitter_GAN_profiles_1675458098_1449890099341283331.jpg,73,93
1065,twitter_GAN_profiles_1675458098_1449890099341283331.jpg,122,93
1066,twitter_GAN_profiles_1675458098_1449890099341283331.jpg,93,119
1067,twitter_GAN_profiles_1675458098_1449890099341283331.jpg,96,141
1068,twitter_GAN_profiles_1675459493_1509189087781179394.jpg,73,93
1069,twitter_GAN_profiles_1675459493_1509189087781179394.jpg,122,93
1070,twitter_GAN_profiles_1675459493_1509189087781179394.jpg,93,119
1071,twitter_GAN_profiles_1675459493_1509189087781179394.jpg,96,141
1072,twitter_GAN_profiles_1675458106_1489253951807524907.jpg,73,93
1073,twitter_GAN_profiles_1675458106_1489253951807524907.jpg,122,93
1074,twitter_GAN_profiles_1675458106_1489253951807524907.jpg,93,119
1075,twitter_GAN_profiles_1675458106_1489253951807524907.jpg,96,141
1076,twitter_GAN_profiles_1675459488_1504018562276421636.jpg,73,93
1077,twitter_GAN_profiles_1675459488_1504018562276421636.jpg,122,93
1078,twitter_GAN_profiles_1675459488_1504018562276421636.jpg,93,119
1079,twitter_GAN_profiles_1675459488_1504018562276421636.jpg,96,141
1080,twitter_GAN_profiles_1675458107_1491319121769811968.jpg,73,93
1081,twitter_GAN_profiles_1675458107_1491319121769811968.jpg,122,93
1082,twitter_GAN_profiles_1675458107_1491319121769811968.jpg,93,119
1083,twitter_GAN_profiles_1675458107_1491319121769811968.jpg,96,141
1084,twitter_GAN_profiles_1675459490_1508645860099297280.jpg,73,93
1085,twitter_GAN_profiles_1675459490_1508645860099297280.jpg,122,93
1086,twitter_GAN_profiles_1675459490_1508645860099297280.jpg,93,119
1087,twitter_GAN_profiles_1675459490_1508645860099297280.jpg,96,141
